text,label
"I love this product! It's amazing and works great.",1
"This is the worst experience I have ever had.",0
"Absolutely fantastic service and quality.",1
"Totally disappointed, it broke after one use.",0
"I'm very happy with my purchase.",1
"The item arrived late and damaged.",0
"Great value for money, highly recommend it.",1
"Terrible customer support, won't buy again.",0
"Exceeded my expectations, excellent!",1
"Not worth the price at all.",0
"I love this product! It's amazing and works great.",1
"This is the worst experience I have ever had.",0
"Absolutely fantastic service and quality.",1
"Totally disappointed, it broke after one use.",0
"I'm very happy with my purchase.",1
"The item arrived late and damaged.",0
"Great value for money, highly recommend it.",1
"Terrible customer support, won't buy again.",0
"Exceeded my expectations, excellent!",1
"Not worth the price at all.",0
"The quality is outstanding and delivery was fast.",1
"I hate how complicated this device is to use.",0
"Customer service was very helpful and kind.",1
"The packaging was awful and product missing parts.",0
"I am extremely satisfied with my order.",1
"The software keeps crashing and frustrating me.",0
"Highly recommend to anyone looking for this.",1
"Received a defective item, very unhappy.",0
"This exceeded all my expectations, truly great.",1
"The worst purchase I've made this year.",0
"Love the design and the ease of use.",1
"Battery life is terrible, very disappointed.",0
"Fast shipping and excellent quality.",1
"Not as described, very misleading.",0
"Five stars for the fantastic performance.",1
"Returned it because it didn't work at all.",0
"Very pleased with how everything turned out.",1
"Instructions were confusing and incomplete.",0
"Best investment I've made recently.",1
"The product stopped working after a week.",0
"The app crashes every time I try to open it.",0
"Amazing food and cozy atmosphere, will come back!",1
"Customer support was unhelpful and slow to respond.",0
"Movie was thrilling and kept me on the edge of my seat.",1
"Too many ads, ruined the user experience.",0
"The waiter was very friendly and attentive.",1
"The latest update made the app so much better.",1
"I couldn't find the features I needed, very frustrating.",0
"The plot was boring and predictable.",0
"Fast delivery and excellent packaging!",1
"App interface is confusing and not intuitive.",0
"The dessert was delicious and beautifully presented.",1
"Had to wait an hour for my order, unacceptable.",0
"Great value, and the staff was very helpful.",1
"Soundtrack was amazing and fit the movie perfectly.",1
"Lost all my data after the update.",0
"Best coffee I've had in a long time.",1
"The subscription price is way too high.",0
"Highly recommend this app to everyone.",1
"The food was cold and tasteless.",0
"Smooth checkout process and friendly service.",1
"The app drains battery very fast.",0
"Such a heartwarming and inspiring film.",1
"Received wrong order twice, very disappointing.",0
"The graphics and gameplay are fantastic.",1
"Slow loading times make it unusable.",0
"Staff went above and beyond to help us.",1
"Too many bugs, needs a lot of work.",0
"Delicious meals and great portion sizes.",1
"Refund process was complicated and slow.",0
"The smartphone has an amazing camera and battery life.",1
"I was disappointed because the laptop overheats quickly.",0
"Fast shipping and the package was well protected.",1
"The tablet screen has dead pixels and is unusable.",0
"Excellent sound quality on these wireless earbuds.",1
"Customer service refused to help with my issue.",0
"The smartwatch tracks my workouts accurately.",1
"Received a used item instead of a new one.",0
"The app for this device is user-friendly and smooth.",1
"The device stopped working after two days.",0
"Very happy with the build quality and design.",1
"The keyboard keys are sticky and hard to press.",0
"Quick refund process, very satisfied.",1
"The charger stopped working within a week.",0
"The display is bright and colors look vibrant.",1
"Too many pre-installed apps that I can't remove.",0
"Battery lasts all day even with heavy use.",1
"The shipping took too long, almost two weeks.",0
"The voice assistant feature works really well.",1
"Packaging was damaged when it arrived.",0
"Stylish design and comfortable to hold.",1
"Received wrong color and model, very annoying.",0
"Setup was quick and straightforward.",1
"The screen cracked after a minor drop.",0
"The software updates improve the device regularly.",1
"The instructions were unclear and confusing.",0
"Great price for the features offered.",1
"The device feels cheap and flimsy.",0
"Easy to connect to other devices via Bluetooth.",1
"Battery drains too fast when idle.",0
"Terrible experience, won't return.",0
"Wasted my money on this.",0
"The worst service I've experienced.",0
"Would definitely purchase again.",1
"Everything was perfect, thank you!",1
"Really impressed with the performance.",1
"Not as advertised at all.",0
"Absolutely loved it, will buy again.",1
"Completely useless, broke instantly.",0
"Support was rude and unhelpful.",0
"Super fast delivery and great quality.",1
"Item was exactly as described.",1
"Customer service was top-notch.",1
"Top quality product, exceeded expectations.",1
"Extremely disappointed with the purchase.",0
"Shipping was a nightmare.",0
"High quality and affordable price.",1
"Very poor quality and support.",0
"Can't believe how good this is!",1
"Product failed within days.",0
"It made my life so much easier.",1
"Outstanding attention to detail.",1
"User-friendly and aesthetically pleasing.",1
"Very inconsistent behavior.",0
"I’m loving every bit of it!",1
"Nothing but issues since day one.",0
"Great interface and smooth operation.",1
"Amazing experience, would recommend to others.",1
"Fast response time and intuitive UI.",1
"Quick, reliable, and affordable.",1
"Completely broke after first use.",0
"Item was missing parts on arrival.",0
"Waste of time and money.",0
"So complicated, I gave up.",0
"Not functional and cheaply made.",0
"Awful user experience overall.",0
"Wouldn’t recommend this to anyone.",0
"Terribly designed and ineffective.",0
"Poor construction and support.",0
"Major flaws right out of the box.",0
"Misleading product description.",0
"Unresponsive and buggy software.",0
"Very poor packaging and late delivery.",0
"Uncomfortable and unusable.",0
"Stopped working in a few days.",0
"Too expensive for what it offers.",0
"Really regretting this purchase.",0
"Terrible from start to finish.",0
"Overheats and slows down a lot.",0
"Lacks important features.",0
"Very noisy and disruptive.",0
"Totally unreliable.",0
"Received a faulty product.",0
"Does not match the listing.",0
"Support never responded to queries.",0
"Installation was a nightmare.",0
"Disappointing performance overall.",0
"Looks good but works terribly.",0
"Unnecessarily complicated and bloated.",0
"Doesn't do what it's supposed to.",0
"Low-quality materials and design.",0
"Refund took forever to process.",0
"Feels like a scam.",0
"Worst customer support ever.",0
"Completely unhelpful instructions.",0
"Too many problems to list.",0
"Crashed multiple times already.",0
"Feels unfinished and rushed.",0
"Connectivity issues right away.",0
"Top-notch build quality and service.",1
"Very intuitive and easy to use.",1
"Highly efficient and well-designed.",1
"Fantastic, from start to finish.",1
"Everything I needed and more.",1
"Solid performance and beautiful design.",1
"Just perfect, couldn’t be happier.",1
"Very responsive and well-supported.",1
"Perfect gift for anyone.",1
"Super reliable and consistent.",1
"Totally worth every penny.",1
"Effortless setup and outstanding performance.",1
"Elegant and works flawlessly.",1
"Very durable and dependable.",1
"Exceeded all my needs.",1
"Great investment for the price.",1
"Came quicker than expected, amazing!",1
"Incredible performance, very satisfied.",1
"Very happy with this decision.",1
"This is a must-have item.",1
"Well packaged and easy to install.",1
"Impressed with the overall value.",1
"Everything worked exactly as advertised.",1
"A joy to use every day.",1
"Absolutely no regrets buying this.",1
"Unbeatable quality for this price.",1
"Customer support was excellent.",1
"Five stars, hands down.",1
"Completely satisfied with the outcome.",1
"Smooth and seamless experience.",1
"Stunning visuals and performance.",1
"Will definitely recommend to friends.",1
"Perfect for my daily needs.",1
"It’s been a pleasure using this.",1
"Delivers exactly what it promises.",1
"Great product and trustworthy brand.",1
"Loved the packaging and delivery speed.",1
"Totally reliable and high quality.",1
"Very practical and well-executed.",1
"Support team was quick and helpful.",1
"An excellent choice overall.",1
"Simple yet powerful features.",1
"Extremely well-made and durable.",1
"Super fast and efficient!",1
"Very pleased with the performance.",1
"Exceptional experience from start to finish.",1
"Works exactly as described.",1
"Highly intuitive and thoughtfully designed.",1
"Top performance and great value.",1
"Absolutely love how it works.",1
"Will definitely buy this brand again.",1
"The results were better than expected.",1
"Surpassed my expectations by far.",1
"Very helpful and reliable.",1
"Easy to navigate and operate.",1
"Such a time-saver!",1
"Everything about this is great.",1
"Perfect condition and functionality.",1
"Very impressed by the quality.",1
"Runs smoothly and quietly.",1
"Comfortable and efficient to use.",1
"Extremely satisfied with the product.",1
"Best in its category.",1
"Awesome design and fast delivery.",1
"Installation was super easy.",1
"Build quality is premium.",1
"Love every feature it offers.",1
"Wonderful support and documentation.",1
"No issues whatsoever.",1
"Looks and feels high-end.",1
"Does its job perfectly.",1
"Really enhanced my workflow.",1
"Everything went smoothly.",1
"Reliable, sturdy, and sleek.",1
"Even better than expected.",1
"Perfect size and shape.",1
"Fantastic in every way.",1
"Definitely a great purchase.",1
"Five stars, no doubt.",1
"A top-notch experience.",1
"Feels solid and high quality.",1
"Performance has been excellent.",1
"Great for both beginners and experts.",1
"Absolutely wonderful.",1
"An all-around winner.",1
"Surprisingly amazing!",1
"Exactly what I was looking for.",1
"Flawless experience so far.",1
"One of my best purchases ever.",1
"Beautifully designed and easy to use.",1
"Exceeded expectations in every way.",1
"Truly a pleasure to use.",1
"Wouldn't change a thing.",1
"Terrible right out of the box.",0
"Doesn’t meet even basic expectations.",0
"Really hard to use and understand.",0
"Massive letdown.",0
"Had to return it immediately.",0
"Doesn’t work like it should.",0
"Constant problems with setup.",0
"Too many steps just to get started.",0
"Interface is outdated and ugly.",0
"Way more complicated than necessary.",0
"Broke within days of usage.",0
"Absolutely unusable.",0
"Delivery was delayed with no updates.",0
"Customer support didn’t care.",0
"Very glitchy and unreliable.",0
"False advertising.",0
"The material feels really cheap.",0
"Did not live up to the hype.",0
"Nothing good to say about it.",0
"Really poorly built.",0
"Does not justify the price.",0
"Unnecessarily difficult to operate.",0
"Too slow and unresponsive.",0
"Instructions are useless.",0
"Stopped working after the update.",0
"Seems unfinished.",0
"Doesn’t deliver what it promises.",0
"Packaging was a mess.",0
"Very clunky and outdated.",0
"Major disappointment.",0
"Couldn’t get it to work.",0
"Caused more problems than it solved.",0
"Doesn’t support basic features.",0
"Returned it immediately.",0
"Doesn’t last long at all.",0
"Made things worse.",0
"App crashes all the time.",0
"Quality is way below expectations.",0
"Extremely overpriced.",0
"I regret this purchase.",0
"Setup process is a nightmare.",0
"Too much hassle.",0
"Useless after one use.",0
"Feels like a knockoff.",0
"Frustrating and time-wasting.",0
"Compatibility issues with everything.",0
"Not suitable for intended use.",0
"Keyboard is unresponsive.",0
"Color was wrong and badly painted.",0
"Product arrived broken.",0
"Doesn't even turn on.",0
"Absolutely perfect in every way.",1
"Feels premium and performs like a charm.",1
"So easy to set up and use.",1
"Great craftsmanship and durability.",1
"User experience is top tier.",1
"I keep recommending this to friends.",1
"Excellent support and documentation.",1
"One of the best purchases I’ve made.",1
"Reliable and efficient, no complaints.",1
"Very responsive and customizable.",1
"Truly satisfied with the outcome.",1
"A must-have for professionals.",1
"Effortless to integrate into my routine.",1
"Very polished and intuitive interface.",1
"Just what I needed!",1
"Excellent job by the developers.",1
"Seamless from start to finish.",1
"Design is sleek and elegant.",1
"Top quality and fast shipping.",1
"Everything works as advertised.",1
"No lag, smooth experience.",1
"Brilliant product with great potential.",1
"Perfect for daily use.",1
"Easy learning curve and great results.",1
"Impressive build quality and finish.",1
"Quick install and stable usage.",1
"Well thought out and practical.",1
"Professional and friendly service.",1
"The details really impressed me.",1
"Flawless performance day after day.",1
"Very modern and appealing design.",1
"Does exactly what I needed it to do.",1
"I’ll definitely be buying again.",1
"Everything is just right.",1
"High performance with low effort.",1
"Super satisfied with this.",1
"Feels like a premium solution.",1
"Love how everything just works.",1
"Simple and powerful.",1
"Fast updates and constant improvements.",1
"A truly great experience overall.",1
"Wouldn’t hesitate to recommend.",1
"The design alone makes it worth it.",1
"Never had an issue with it.",1
"Dependable and effective.",1
"A joy to use every time.",1
"Best experience I’ve had in years.",1
"Every detail was considered.",1
"A flawless product all around.",1
"Consistent quality and support.",1
"Doesn't work out of the box.",0
"Very frustrating to deal with.",0
"I expected way better than this.",0
"Setup is too complicated.",0
"Terrible UI and confusing menus.",0
"Not worth the effort.",0
"Runs slow and overheats quickly.",0
"Felt scammed after using it.",0
"Doesn’t deliver basic functionality.",0
"Very noisy and unstable.",0
"Had issues right after unboxing.",0
"Customer support gave no solution.",0
"Interface is clunky and slow.",0
"Returned it the same day.",0
"Battery dies within an hour.",0
"Buggy and unreliable.",0
"Did not function properly at all.",0
"I was hoping for more reliability.",0
"Couldn’t get past the setup screen.",0
"Terribly optimized for daily use.",0
"Feels like a rushed release.",0
"Not what I ordered.",0
"Design flaws all over the place.",0
"Glitches all the time.",0
"Terrible documentation and support.",0
"Very poor craftsmanship.",0
"Definitely not recommended.",0
"Price doesn’t match the quality.",0
"Still waiting for a fix.",0
"Unnecessarily complicated process.",0
"Not compatible with my system.",0
"Everything feels laggy and unresponsive.",0
"App is bloated with ads.",0
"The update broke everything.",0
"Feels unfinished and raw.",0
"Very outdated interface.",0
"Crashes often without warning.",0
"Disappointing experience overall.",0
"Poor quality materials used.",0
"I feel cheated.",0
"Way too fragile for regular use.",0
"Was a total waste of time.",0
"Wouldn’t wish this on anyone.",0
"Horrible design choices.",0
"Never buying from this brand again.",0
"Regret buying this so much.",0
"Way below industry standards.",0
"Fails at basic tasks.",0
"Too many compromises.",0
"Far from what was promised.",0
"Not even usable in real scenarios.",0
"Exceptional clarity and speed.",1
"Feels very well-made and sturdy.",1
"Exceeds expectations in every way.",1
"Perfect combination of style and function.",1
"Very responsive to user input.",1
"The attention to detail is unmatched.",1
"Truly a joy to use daily.",1
"Every feature is thoughtfully implemented.",1
"Simple setup and immediate results.",1
"Works flawlessly with all my devices.",1
"Great investment for long term use.",1
"Even better than I imagined.",1
"Quick performance and no lag.",1
"Professional quality at a reasonable price.",1
"Great companion for work and travel.",1
"Consistently delivers great results.",1
"Reliable tool for my daily tasks.",1
"Nothing but smooth operation so far.",1
"Looks good and works even better.",1
"Fantastic from start to finish.",1
"The user guide was very helpful.",1
"Easy to use even for beginners.",1
"Definitely makes life easier.",1
"Elegant and powerful solution.",1
"A great example of thoughtful design.",1
"Feels premium and functions perfectly.",1
"Everything I needed in one package.",1
"Impressive performance under pressure.",1
"Wonderful customer service experience.",1
"Completely satisfied with the quality.",1
"Smooth and consistent performance.",1
"Minimal setup and instant benefits.",1
"Highly polished and reliable.",1
"Effortless and enjoyable.",1
"Does more than I expected.",1
"Love how fast and accurate it is.",1
"Super intuitive and beautiful.",1
"Feels like it was made for me.",1
"Exactly what I’ve been searching for.",1
"Consistently exceeds expectations.",1
"A standout product in its category.",1
"Top marks across the board.",1
"Couldn’t be more pleased.",1
"Very happy with the results.",1
"Well packaged and presented.",1
"Solid, reliable, and looks great.",1
"Simple concept, executed brilliantly.",1
"Really adds value to my routine.",1
"Would buy again in a heartbeat.",1
"Effortlessly fits into my lifestyle.",1
"Would not recommend to anyone.",0
"Very poor value for the money.",0
"Falls short in every category.",0
"Completely stopped working after a week.",0
"Just a frustrating experience overall.",0
"Unusable in its current state.",0
"Too many steps just to get started.",0
"Lack of proper instructions.",0
"Support team was unresponsive.",0
"Way below my expectations.",0
"Not at all user-friendly.",0
"Cheap materials and flimsy build.",0
"Everything about this feels off.",0
"Doesn't hold a charge for long.",0
"Very inconsistent performance.",0
"Too hard to navigate menus.",0
"Misleading description on the product page.",0
"Feels like it’s about to break.",0
"Randomly shuts down during use.",0
"Total waste of my budget.",0
"The worst part is the interface.",0
"Unintuitive and messy experience.",0
"The controls make no sense.",0
"Poorly thought out from the start.",0
"Too bulky and uncomfortable.",0
"Didn't match the advertised specs.",0
"Full of bugs and glitches.",0
"Doesn’t meet even basic standards.",0
"Shipping took way too long.",0
"Was broken right out of the box.",0
"Had to return it immediately.",0
"Couldn’t figure out how to use it.",0
"Audio quality was awful.",0
"Felt outdated and clunky.",0
"Never functioned as intended.",0
"Visuals are grainy and unclear.",0
"Everything lags constantly.",0
"Update made things worse.",0
"No instructions included.",0
"Nothing works the way it should.",0
"Poor fit and uncomfortable design.",0
"Gets too hot after short use.",0
"Too many permissions required.",0
"Feels more like a prototype.",0
"Packaging was a mess.",0
"I had to constantly restart it.",0
"Crashes far too frequently.",0
"Not usable in real scenarios.",0
"Overall very underwhelming.",0
"Returned after one frustrating day.",0
"Fast, efficient, and dependable.",1
"Seamlessly integrates into my workflow.",1
"Love the sleek and modern look.",1
"Makes everyday tasks so much easier.",1
"Everything works right out of the box.",1
"Lightweight and super functional.",1
"Provides exactly what I need.",1
"Consistent quality every single time.",1
"Definitely exceeded my expectations.",1
"Truly top-notch performance.",1
"Clean, minimal, and easy to use.",1
"Responsive and well-optimized.",1
"Very intuitive and polished.",1
"Feels like a premium experience.",1
"Handles multitasking with no problem.",1
"Fits perfectly into my setup.",1
"Love how customizable it is.",1
"Really impressed with the craftsmanship.",1
"Functions better than most alternatives.",1
"An essential part of my routine now.",1
"Solid performance at a great price.",1
"Delivers consistent, high-quality results.",1
"Reliable even under heavy use.",1
"Fast installation and ready to go.",1
"Exactly what I wanted and needed.",1
"Super satisfied with the purchase.",1
"Easy navigation and beautiful design.",1
"No regrets with this buy.",1
"Always performs without fail.",1
"Very practical and well thought out.",1
"Impressed with how smooth it runs.",1
"Setup was a breeze and fast.",1
"Great user experience overall.",1
"Perfect for my daily needs.",1
"Awesome features and design.",1
"Even better than competitors.",1
"Feels natural to use.",1
"Quick setup and amazing support.",1
"Streamlined and effective tool.",1
"Best choice I’ve made this year.",1
"I get compliments on it all the time.",1
"Runs like a dream.",1
"Well worth the investment.",1
"Everything just works perfectly.",1
"Great build and user support.",1
"Reliable and looks professional.",1
"Can’t imagine working without it now.",1
"Delivers as promised.",1
"My expectations were blown away.",1
"Doesn’t deliver as advertised.",0
"Far too slow and clunky.",0
"The design is awkward and confusing.",0
"Can’t get anything to work properly.",0
"Feels half-finished and buggy.",0
"Doesn’t respond consistently.",0
"Interface looks outdated.",0
"Too complex for basic users.",0
"The layout is just frustrating.",0
"Missing key features I need.",0
"Needs constant maintenance.",0
"Not impressed with the speed.",0
"Unstable and crashes frequently.",0
"Not durable at all.",0
"Menus are hard to navigate.",0
"The description was misleading.",0
"Expected more based on the reviews.",0
"Not compatible with my devices.",0
"Couldn’t get it to update.",0
"Way too expensive for what it does.",0
"Completely unintuitive interface.",0
"Slows everything else down.",0
"Too much hassle to return.",0
"The materials feel cheap.",0
"Customer service didn't help at all.",0
"Features don’t function properly.",0
"Looks better than it performs.",0
"Needs major improvements.",0
"Gets stuck frequently.",0
"Very noisy and annoying.",0
"Instructions were poorly written.",0
"Not powerful enough.",0
"Highly disappointing product.",0
"Too many issues to list.",0
"Setup was confusing and slow.",0
"Screen quality is terrible.",0
"Wasn’t worth the wait.",0
"Disappointing performance under pressure.",0
"Buttons are unresponsive.",0
"Constantly needs to be restarted.",0
"Feels like a waste of time.",0
"Can’t rely on it for anything serious.",0
"The updates made it worse.",0
"Nothing special about it.",0
"Features are broken or missing.",0
"Unpleasant to use overall.",0
"Not suitable for professional use.",0
"Very outdated and slow.",0
"Service was rude and unhelpful.",0
"Super fast performance with no hiccups.",1
"Build quality feels premium and solid.",1
"Helpful features that I use daily.",1
"Truly an outstanding product.",1
"Very smooth transitions and animations.",1
"Everything looks and feels great.",1
"Very comfortable to use for long hours.",1
"Battery life exceeded expectations.",1
"Looks stylish and professional.",1
"Handles tasks effortlessly.",1
"Minimal learning curve, very intuitive.",1
"Clear instructions and simple setup.",1
"Feels polished and reliable.",1
"Navigation is a breeze.",1
"Fast connectivity and stable signal.",1
"Always delivers consistent results.",1
"Quiet operation and efficient cooling.",1
"Highly dependable even after months.",1
"Exceeded all benchmarks I expected.",1
"Love the attention to detail.",1
"Perfect balance of features and price.",1
"Fits all my needs perfectly.",1
"Very pleasant to use every day.",1
"Zero issues so far, amazing!",1
"Has become my daily driver.",1
"Nice packaging and great presentation.",1
"Customer support was prompt and helpful.",1
"Good value for the money.",1
"I’m impressed with the upgrade.",1
"Very adaptable to my needs.",1
"Simple, fast, and effective.",1
"Provides excellent clarity and sound.",1
"Very consistent with updates.",1
"Works well even under heavy load.",1
"Elegant and efficient at once.",1
"Easy backup and restore process.",1
"Setup took just a few minutes.",1
"Responsive buttons and great display.",1
"Pleasant user experience overall.",1
"Gets the job done quickly.",1
"Impressive quality for this price.",1
"Very compact yet powerful.",1
"Exactly what I was looking for.",1
"Quiet, fast, and reliable.",1
"Very happy with the purchase decision.",1
"Modern design and user interface.",1
"Fantastic tool for productivity.",1
"Feels fast and responsive all day.",1
"Smart features that actually help.",1
"I would buy this again.",1
"Setup process was a nightmare.",0
"The display has terrible brightness.",0
"It’s not user-friendly at all.",0
"Too many unnecessary features.",0
"Constant interruptions and errors.",0
"Interface feels dated and clunky.",0
"The battery life is awful.",0
"App crashes way too often.",0
"The unit feels cheap and flimsy.",0
"Support team never responded.",0
"The device gets extremely hot.",0
"Way too many bugs still unresolved.",0
"Not worth the price tag.",0
"Performance is underwhelming.",0
"Can’t believe how bad it is.",0
"Loading times are frustratingly long.",0
"The worst experience I’ve had online.",0
"Returned it within the first week.",0
"Very poor documentation included.",0
"The audio quality is disappointing.",0
"The update broke more things than it fixed.",0
"Storage fills up way too quickly.",0
"Feels like a step backwards.",0
"Shipping was late and careless.",0
"Terrible value for what you get.",0
"Buggy and unpredictable behavior.",0
"The screen flickers constantly.",0
"Setup failed multiple times.",0
"Not durable, already scratched.",0
"Controls are overly complicated.",0
"The packaging was torn and messy.",0
"Warranty policy is a joke.",0
"Way heavier than expected.",0
"Feels like it’s always lagging.",0
"Terribly inconsistent performance.",0
"User manual is useless.",0
"Frequent disconnections and lag.",0
"The experience was very frustrating.",0
"Menus are deeply buried and unclear.",0
"The feature set is very limited.",0
"Uncomfortable to use for long periods.",0
"I regret buying this.",0
"Very unreliable and unstable.",0
"The buttons are too stiff.",0
"Everything takes too long to load.",0
"Display scratches way too easily.",0
"Looks good but performs poorly.",0
"Needs a complete redesign.",0
"Too many permissions required.",0
"Totally failed to meet expectations.",0
"Exceptional craftsmanship and durability.",1
"Impressive ease of use from day one.",1
"Everything worked perfectly right out of the box.",1
"Delivers great results every time.",1
"Very intuitive and beginner-friendly.",1
"Compact design, yet very powerful.",1
"Exceeded expectations in every way.",1
"Very satisfying to use daily.",1
"Performance is top-notch and reliable.",1
"Simple interface, powerful features.",1
"Setup was fast and hassle-free.",1
"The responsiveness is incredible.",1
"Feels like a premium product.",1
"Smart layout and efficient design.",1
"Extremely lightweight and portable.",1
"Accurate, fast, and easy to use.",1
"Really elevates my workflow.",1
"Everything feels polished and smooth.",1
"Works exactly as advertised.",1
"Packed with useful features.",1
"Installation was quick and smooth.",1
"I’m impressed by the quality.",1
"The experience was seamless.",1
"Handles multitasking very well.",1
"Great for both beginners and pros.",1
"All features are well thought-out.",1
"Feels very responsive and fluid.",1
"Absolutely love the performance.",1
"The visuals are stunning.",1
"Great balance of power and price.",1
"User interface is modern and sleek.",1
"Feels like a great investment.",1
"Perfectly fits my daily routine.",1
"The camera is sharp and crisp.",1
"Beautiful aesthetics and design.",1
"Very versatile and customizable.",1
"Storage is ample and fast.",1
"Helpful community and support.",1
"The updates make it even better.",1
"Colors are vibrant and true.",1
"Boots up in seconds.",1
"Syncs easily across all devices.",1
"Solid construction and design.",1
"Great performance under pressure.",1
"Very responsive customer care.",1
"Impressive battery optimization.",1
"I enjoy using it every day.",1
"Feels snappy and reliable.",1
"The sound quality is rich and clear.",1
"Setup instructions were missing.",0
"The product didn’t last long.",0
"Constant problems with connectivity.",0
"Support is slow and unhelpful.",0
"Totally not what I expected.",0
"The software is outdated.",0
"Touchscreen is unresponsive.",0
"The whole thing feels rushed.",0
"Experience was below average.",0
"Packaging looked reused.",0
"Buttons stopped working after a week.",0
"It’s just too complicated.",0
"The resolution is terrible.",0
"Delivery was much later than promised.",0
"It doesn’t sync properly.",0
"Cheap build and bad materials.",0
"Terrible lighting and camera.",0
"Everything feels sluggish.",0
"Super noisy and distracting.",0
"Too bulky for daily use.",0
"Software interface is clunky.",0
"Too difficult to configure.",0
"Doesn’t support basic features.",0
"The keyboard layout is awkward.",0
"The product arrived already damaged.",0
"Battery overheats quickly.",0
"Very glitchy performance.",0
"The accessories were missing.",0
"Settings are buried in menus.",0
"Doesn’t work as claimed.",0
"Never received the full order.",0
"Build is fragile and unreliable.",0
"Charging is painfully slow.",0
"Customer service ignored my issue.",0
"Product arrived with scratches.",0
"Never connected to Wi-Fi properly.",0
"Fails to meet basic standards.",0
"The interface is outdated.",0
"The experience was very underwhelming.",0
"Overpriced for what you get.",0
"It restarts randomly.",0
"Plastic feels cheap and brittle.",0
"Super difficult to return.",0
"Can’t trust the measurements.",0
"It died after a short drop.",0
"Volume control doesn't work.",0
"Settings keep resetting themselves.",0
"It lags during basic tasks.",0
"The updates made it worse.",0
"Design looks better than it functions.",0
"The product is sleek and modern.",1
"Responsive and feels premium.",1
"Truly exceeded what I expected.",1
"Quick installation and effortless setup.",1
"Everything feels polished and intuitive.",1
"Reliable even with heavy use.",1
"Fits perfectly into my lifestyle.",1
"Design and performance are flawless.",1
"Superb quality and fast service.",1
"Great user experience from start to finish.",1
"Perfect for daily productivity.",1
"Elegant look and solid feel.",1
"Clean interface with powerful tools.",1
"Feels like a top-tier product.",1
"Very accurate and dependable.",1
"Consistent performance every time.",1
"All the features are well integrated.",1
"Fantastic for both work and fun.",1
"The materials used feel premium.",1
"Excellent speed and efficiency.",1
"Truly a joy to use.",1
"Great innovation and creativity.",1
"Solid performance with great battery life.",1
"Minimalist and functional design.",1
"Quick to respond and easy to control.",1
"Smooth navigation and transition effects.",1
"Support team was fast and polite.",1
"The quality feels durable and lasting.",1
"Smart features that actually work.",1
"Very smooth learning curve.",1
"Delivers performance with elegance.",1
"Optimized well for daily use.",1
"Reliable companion for productivity.",1
"Highly customizable and flexible.",1
"Packaging was secure and elegant.",1
"Effortlessly meets my expectations.",1
"Each update improves the experience.",1
"Excellent integration with other tools.",1
"Very efficient and power-saving.",1
"Delivers real value for the price.",1
"Looks and works like a flagship model.",1
"Designed with the user in mind.",1
"Intelligent features that make sense.",1
"Feels sturdy and well-balanced.",1
"Truly delightful to interact with.",1
"Multitasking works perfectly here.",1
"Surprisingly powerful for its size.",1
"Easy setup even for non-tech users.",1
"Fast boot and silent operation.",1
"Product has a premium feel overall.",1
"The design feels outdated.",0
"The manual is hard to follow.",0
"UI is cluttered and messy.",0
"It freezes constantly.",0
"Everything feels unintuitive.",0
"The response time is terrible.",0
"Poor experience from day one.",0
"Support never got back to me.",0
"Too many bugs for daily use.",0
"Uncomfortable to hold for long.",0
"The performance is weak.",0
"Parts feel loose and unstable.",0
"It doesn’t deliver as promised.",0
"The colors are dull and inaccurate.",0
"Shipping box was nearly torn apart.",0
"It’s too noisy while operating.",0
"Always needs to be restarted.",0
"Charger is very low quality.",0
"It doesn't stay connected.",0
"Gets stuck during use.",0
"Nothing worked right from the start.",0
"Very frustrating experience.",0
"Too fragile for regular use.",0
"Crashes randomly without warning.",0
"Menus are hard to navigate.",0
"Too slow for multitasking.",0
"Requires constant resets.",0
"Customer support gave no solution.",0
"Feels more like a prototype.",0
"Hard to configure properly.",0
"The size is way too bulky.",0
"Interface looks like it's from 2005.",0
"Not compatible with my system.",0
"Made everything more complicated.",0
"Default settings are unusable.",0
"Screen brightness is way too low.",0
"Charging port became loose quickly.",0
"Very bad first impression.",0
"The casing feels hollow.",0
"After-sales service is nonexistent.",0
"Does not work as expected.",0
"The materials feel subpar.",0
"App is bloated and slow.",0
"Resetting doesn’t fix the issues.",0
"Doesn’t support latest standards.",0
"Slow responses from tech support.",0
"Feels like a downgrade.",0
"Glitches ruin the whole experience.",0
"Too expensive for what it offers.",0
"Quality control seems non-existent.",0
"Superb battery life that lasts all day.",1
"Perfect balance between speed and power.",1
"Love the sleek and minimalist design.",1
"Installation was quick and painless.",1
"Impressive build quality and materials.",1
"Extremely reliable and stable performance.",1
"User-friendly even for beginners.",1
"Great value for the price paid.",1
"Responsive customer support team.",1
"Everything works flawlessly every time.",1
"Perfect companion for work and play.",1
"Battery charges quickly and holds well.",1
"Clean, intuitive, and simple UI.",1
"Software updates improved functionality.",1
"Compact but very powerful device.",1
"Feels solid and premium in hand.",1
"Functions exactly as advertised.",1
"Fast and smooth multitasking capabilities.",1
"Setup instructions were clear and helpful.",1
"Excellent compatibility with other devices.",1
"Reliable connection with no drops.",1
"Great cooling system, stays cool under load.",1
"Effortlessly handles all my tasks.",1
"Feels ergonomic and comfortable to use.",1
"Stylish design that stands out.",1
"Very quiet operation.",1
"Impressive screen clarity and color.",1
"Long-lasting and durable construction.",1
"Very few bugs and glitches.",1
"User manual is well-written and concise.",1
"Customer feedback is taken seriously.",1
"Software is regularly updated.",1
"Perfect for gaming and productivity.",1
"Doesn’t overheat even under stress.",1
"Includes all necessary accessories.",1
"Highly responsive touch controls.",1
"Very customizable settings.",1
"Syncs seamlessly with cloud services.",1
"Fast boot-up times.",1
"Offers excellent value overall.",1
"Great for streaming and media.",1
"Easy to clean and maintain.",1
"Screen is bright even in sunlight.",1
"Setup wizard made it very easy.",1
"Features are very useful daily.",1
"Compact design fits nicely on desk.",1
"Battery life exceeded my expectations.",1
"Stopped working after one month.",0
"Frequent crashes and freezes.",0
"Unresponsive controls frustrate me.",0
"Customer service was rude.",0
"Setup was confusing and complicated.",0
"Overheats quickly under light use.",0
"Battery drains faster than expected.",0
"Device disconnects often without reason.",0
"Too heavy and uncomfortable to hold.",0
"Screen scratches easily.",0
"Performance is inconsistent.",0
"Lots of bugs after the latest update.",0
"Buttons feel cheap and flimsy.",0
"App crashes regularly.",0
"Wi-Fi connection drops frequently.",0
"Product arrived with missing parts.",0
"Warranty support was unhelpful.",0
"Touchscreen calibration is off.",0
"Audio quality is poor and distorted.",0
"Slow charging and overheating charger.",0
"Software is difficult to navigate.",0
"Random shutdowns during use.",0
"Customer support never responded.",0
"Device is slower than older models.",0
"Product packaging was damaged.",0
"Too many unnecessary pre-installed apps.",0
"Screen flickers constantly.",0
"Bluetooth keeps disconnecting.",0
"Sync feature never worked.",0
"Very limited customization options.",0
"Unstable software updates.",0
"Feels cheaply made and fragile.",0
"Instructions were missing important info.",0
"Can’t connect to network reliably.",0
"Display is dim and washed out.",0
"Volume buttons stuck after a week.",0
"Lost data after a system update.",0
"Charging port broke quickly.",0
"Received the wrong model.",0
"Keypad is unresponsive.",0
"App interface is confusing.",0
"Screen cracked without impact.",0
"Sound cuts out randomly.",0
"Device gets hot even when idle.",0
"Reboots during basic tasks.",0
"Battery doesn’t hold a charge.",0
"Very noisy fan.",0
"Unhelpful and slow customer service.",0
"Feels lightweight yet very durable.",1
"Performance is smooth and reliable.",1
"Love how responsive the controls are.",1
"Exceeded my expectations in every way.",1
"Customer support was quick and helpful.",1
"Very pleased with the overall quality.",1
"Everything works seamlessly out of the box.",1
"Fast and easy to set up.",1
"Design is sleek and modern.",1
"Battery lasts longer than advertised.",1
"Interface is clean and easy to navigate.",1
"Fast processing speed for daily tasks.",1
"Very intuitive and user-friendly.",1
"Great value for the features offered.",1
"Product is sturdy and well-built.",1
"Sound quality is crystal clear.",1
"Device heats up very little during use.",1
"Regular software updates improve experience.",1
"Helpful and clear documentation.",1
"Supports all the apps I need.",1
"Perfect for both work and entertainment.",1
"Packaging was secure and professional.",1
"Charging is quick and efficient.",1
"Highly customizable user settings.",1
"Great for multitasking and gaming.",1
"Wireless connection is stable and fast.",1
"Screen resolution is sharp and vibrant.",1
"Feels comfortable to hold for hours.",1
"Build quality is top-notch.",1
"Fast boot times and smooth operation.",1
"Very responsive customer service.",1
"Useful features that actually work.",1
"Setup process was straightforward.",1
"Battery management is excellent.",1
"Very reliable over long periods.",1
"Lightweight and portable design.",1
"Works well with all my devices.",1
"Minimal lag and fast response.",1
"Offers excellent value for money.",1
"Perfect gift for tech lovers.",1
"Durable materials and finish.",1
"Clear and bright display.",1
"Works flawlessly with my apps.",1
"User manual is very helpful.",1
"Quick and hassle-free returns.",1
"Regular updates add new features.",1
"Very happy with my purchase.",1
"Product stopped working within a week.",0
"Customer support was unresponsive.",0
"Too many bugs and glitches.",0
"Device overheats after short use.",0
"Battery drains too quickly.",0
"Software crashes frequently.",0
"Buttons are unresponsive.",0
"Screen quality is very poor.",0
"Very difficult to set up.",0
"Received damaged packaging.",0
"Bluetooth connection is unstable.",0
"Device randomly shuts down.",0
"App is confusing and slow.",0
"Instructions were unclear.",0
"Returned due to poor quality.",0
"Charging cable stopped working.",0
"Sound quality is terrible.",0
"Customer service was rude.",0
"Screen flickers constantly.",0
"Device is heavier than advertised.",0
"Lost all data after update.",0
"Device frequently disconnects.",0
"Warranty claim was denied.",0
"Charging port feels loose.",0
"Too slow for everyday use.",0
"Product looks cheap and fragile.",0
"Setup took too long.",0
"Wi-Fi connection drops often.",0
"App crashes on startup.",0
"Display resolution is low.",0
"Buttons stick and jam.",0
"Poor battery life overall.",0
"Device freezes randomly.",0
"Packaging was torn on arrival.",0
"Not compatible with my system.",0
"Too many ads in the app.",0
"Software updates cause more problems.",0
"Device scratches easily.",0
"Very noisy during operation.",0
"Unhelpful online support.",0
"Device does not match description.",0
"Charging time is excessively long.",0
"Interface is cluttered and confusing.",0
"Product has a strong chemical smell.",0
"Microphone quality is poor.",0
"Returned product without refund.",0
"Device overheats and shuts down.",0
"Hard to connect to other devices.",0
"Perfect fit for my daily needs.",1
"Battery charges quickly and lasts long.",1
"Impressed with the overall performance.",1
"Very easy to use and set up.",1
"Compact design fits perfectly in my bag.",1
"Customer service was friendly and helpful.",1
"High quality materials used in build.",1
"Seamless integration with my devices.",1
"Very satisfied with the speed and responsiveness.",1
"Looks stylish and modern.",1
"Setup instructions were clear and simple.",1
"Works flawlessly without any hiccups.",1
"Highly recommend for anyone looking for quality.",1
"Screen brightness is excellent even outdoors.",1
"Audio output is clear and loud.",1
"Software runs smoothly with no crashes.",1
"Lightweight yet robust construction.",1
"Great for both casual and professional use.",1
"Reliable connection over Wi-Fi and Bluetooth.",1
"Regular firmware updates improve functionality.",1
"Very little lag during operation.",1
"Offers great value for money.",1
"Customer support answered my queries promptly.",1
"Easy to clean and maintain.",1
"Functions exactly as expected.",1
"Device handles multitasking with ease.",1
"Responsive touch screen.",1
"Compact and portable design.",1
"Highly customizable settings.",1
"Excellent battery management features.",1
"Fast startup times.",1
"Screen resolution is crisp and clear.",1
"Very comfortable to hold.",1
"Durable and long-lasting battery.",1
"Setup process was straightforward and quick.",1
"Very good thermal management.",1
"Wireless connectivity is reliable.",1
"User interface is intuitive and easy.",1
"Strong and durable build quality.",1
"Fast and efficient charging.",1
"Great compatibility with other gadgets.",1
"Works well in all weather conditions.",1
"Good range of features for the price.",1
"Voice commands work accurately.",1
"Screen responds well to touch.",1
"Battery lasts longer than expected.",1
"Device stopped working after first use.",0
"Battery drains extremely fast.",0
"Poor build quality, feels cheap.",0
"Customer support did not respond.",0
"Screen cracked during normal use.",0
"Device frequently overheats.",0
"Buttons are unresponsive and sticky.",0
"Software has many bugs.",0
"Device disconnects from network often.",0
"Charging port is loose and faulty.",0
"Sound quality is muffled and low.",0
"App crashes repeatedly.",0
"Setup was confusing and difficult.",0
"Returned product due to poor quality.",0
"Received wrong item.",0
"Charging cable stopped working quickly.",0
"Screen flickers and distorts.",0
"Device shuts down unexpectedly.",0
"Product arrived with missing parts.",0
"Warranty claim was rejected.",0
"Slow response time from support.",0
"Bluetooth connection is unstable.",0
"Device freezes randomly.",0
"Too heavy and bulky.",0
"Lost data after update.",0
"Poor battery life overall.",0
"Product has unpleasant odor.",0
"Very noisy fan during operation.",0
"Interface is confusing and cluttered.",0
"Device scratches easily.",0
"Not compatible with my system.",0
"Charging takes too long.",0
"Buttons jam and stick frequently.",0
"Received damaged packaging.",0
"Wi-Fi keeps dropping.",0
"Device performs slower than expected.",0
"App interface is poor.",0
"Microphone quality is bad.",0
"Returned product without refund.",0
"Overheats and shuts down.",0
"Hard to connect to other devices.",0
"Very slow software updates.",0
"Unhelpful customer service.",0
"Device is louder than expected.",0
"Battery won’t charge at all.",0
"Product does not match description.",0
"Sound cuts out intermittently.",0
"Screen resolution is poor.",0
"Device is fragile and breaks easily.",0
"Easy to install and configure.",1
"Very lightweight and compact.",1
"Works well under heavy use.",1
"Great audio and video quality.",1
"Extremely reliable and stable.",1
"User experience is smooth and pleasant.",1
"Highly efficient battery saver mode.",1
"Solid construction and finish.",1
"Fast and responsive touch screen.",1
"Supports multiple languages.",1
"Clear and loud speaker output.",1
"Excellent wireless range.",1
"Syncs quickly with other devices.",1
"Interface is clean and modern.",1
"Battery life exceeds expectations.",1
"Easy to navigate menus.",1
"Quick firmware updates fix bugs.",1
"Lightweight but very sturdy.",1
"Charging cable is long and durable.",1
"Very customizable settings options.",1
"Screen is vibrant and colorful.",1
"App interface is user-friendly.",1
"Great support documentation available.",1
"Perfect for on-the-go usage.",1
"Very minimal latency.",1
"Excellent build materials used.",1
"Fast data transfer speeds.",1
"Device runs quietly.",1
"Works perfectly with headphones.",1
"Setup was intuitive and quick.",1
"Software is regularly updated.",1
"Device cools down quickly after use.",1
"Good balance of power and efficiency.",1
"Functions well even in low light.",1
"Device fits well in hand.",1
"Strong signal even through walls.",1
"User manual is detailed and helpful.",1
"Great value for the price paid.",1
"Compatible with most accessories.",1
"Fast charging feature works well.",1
"Very responsive customer care.",1
"Screen protects well against scratches.",1
"Easy to carry while traveling.",1
"Buttons provide good tactile feedback.",1
"Long-lasting software support.",1
"Battery performance is consistent.",1
"Device boots up very fast.",1
"Device crashes after minimal use.",0
"Battery drains within hours.",0
"Very poor construction quality.",0
"Customer support ignored my requests.",0
"Screen cracked without any impact.",0
"Device overheats after short periods.",0
"Buttons often fail to respond.",0
"Software is full of bugs.",0
"Connection drops frequently.",0
"Charging port is damaged.",0
"Audio output is distorted.",0
"App frequently freezes.",0
"Setup instructions are confusing.",0
"Returned due to product defects.",0
"Received incorrect item.",0
"Charging cable broke easily.",0
"Screen flickers constantly.",0
"Device shuts down unexpectedly.",0
"Product missing components.",0
"Warranty claim denied unfairly.",0
"Slow and unhelpful support.",0
"Bluetooth disconnects regularly.",0
"Device freezes randomly.",0
"Too heavy and awkward to use.",0
"Lost important data after update.",0
"Battery life is inadequate.",0
"Product emits strange smell.",0
"Loud fan noise during operation.",0
"User interface is cluttered.",0
"Device easily scratched.",0
"Incompatible with my devices.",0
"Charging time is too long.",0
"Buttons stick and jam.",0
"Packaging arrived damaged.",0
"Wi-Fi connection is unstable.",0
"Device is sluggish.",0
"Poor app design.",0
"Microphone does not work well.",0
"Refund process was difficult.",0
"Device overheats and shuts off.",0
"Hard to pair with other devices.",0
"Software updates cause issues.",0
"Customer service was unhelpful.",0
"Device is noisier than expected.",0
"Battery will not charge.",0
"Product description is misleading.",0
"Audio cuts out randomly.",0
"Low screen resolution.",0
"Device is fragile and breaks easily.",0
